{
  "project_info": {
    "project_number": "104761729539",
    "firebase_url": "https://matms-c956b.firebaseio.com",
    "project_id": "matms-c956b",
    "storage_bucket": "matms-c956b.appspot.com"
  },
  "client": [
    {
      "client_info": {
        "mobilesdk_app_id": "1:104761729539:android:b321ed278c5ddc77",
        "android_client_info": {
          "package_name": "com.awale.matms"
        }
      },
      "oauth_client": [
        {
          "client_id": "104761729539-dhb0n5mfdr5vfsbflet6q4nbl9r9ou08.apps.googleusercontent.com",
          "client_type": 3
        }
      ],
      "api_key": [
        {
          "current_key": "AIzaSyB7679T0ur-W6cHPuxmqJ8lDS0k425LkXQ"
        }
      ],
      "services": {
        "analytics_service": {
          "status": 1
        },
        "appinvite_service": {
          "status": 1,
          "other_platform_oauth_client": []
        },
        "ads_service": {
          "status": 2
        }
      }
    }
  ],
  "configuration_version": "1"
}